,id,price,qty,quoteQty,time,isBuyerMaker,isBestMatch
0,112664794,142.98000000,2.39417000,342.31842660,1578923162407,False,True
1,112664795,142.99000000,0.97722000,139.73268780,1578923162504,False,True
2,112664796,142.97000000,0.42014000,60.06741580,1578923162578,True,True
3,112664797,142.97000000,0.58887000,84.19074390,1578923162578,True,True
4,112664798,142.99000000,0.07809000,11.16608910,1578923163019,False,True
5,112664799,142.99000000,2.39417000,342.34236830,1578923163074,True,True
6,112664800,142.96000000,0.23887000,34.14885520,1578923163074,True,True
7,112664801,142.96000000,0.08094000,11.57118240,1578923164348,True,True
8,112664802,142.96000000,0.38862000,55.55711520,1578923164836,True,True
9,112664803,142.95000000,0.10000000,14.29500000,1578923164836,True,True
10,112664804,142.95000000,0.23336000,33.35881200,1578923164836,True,True
11,112664805,142.95000000,0.47821000,68.36011950,1578923164836,True,True
12,112664806,142.95000000,2.79981000,400.23283950,1578923164836,True,True
13,112664807,142.95000000,0.25000000,35.73750000,1578923164836,True,True
14,112664808,142.95000000,1.62572000,232.39667400,1578923164837,True,True
15,112664809,142.95000000,7.02228000,1003.83492600,1578923164837,True,True
16,112664810,142.95000000,1.00000000,142.95000000,1578923164849,True,True
17,112664811,142.95000000,2.43407000,347.95030650,1578923165040,True,True
18,112664812,142.94000000,0.15000000,21.44100000,1578923165040,True,True
19,112664813,142.94000000,0.07715000,11.02782100,1578923165040,True,True
20,112664814,142.93000000,2.03833000,291.33850690,1578923165040,True,True
21,112664815,142.93000000,0.30045000,42.94331850,1578923165040,True,True
22,112664816,142.97000000,5.00000000,714.85000000,1578923165127,False,True
23,112664817,142.96000000,2.27100000,324.66216000,1578923165224,False,True
24,112664818,142.93000000,1.00323000,143.39166390,1578923165230,True,True
25,112664819,142.98000000,7.27600000,1040.32248000,1578923165339,False,True
26,112664820,142.98000000,7.38300000,1055.62134000,1578923165339,False,True
27,112664821,142.98000000,7.16900000,1025.02362000,1578923165339,False,True
28,112664822,142.95000000,1.00638000,143.86202100,1578923165416,True,True
29,112664823,142.94000000,1.00646000,143.86339240,1578923165601,True,True
30,112664824,142.94000000,1.00982000,144.34367080,1578923165804,True,True
31,112664825,142.94000000,1.00839000,144.13926660,1578923165986,True,True
32,112664826,142.98000000,10.00000000,1429.80000000,1578923166079,False,True
33,112664827,142.98000000,7.34054000,1049.55040920,1578923166355,False,True
34,112664828,142.97000000,0.32646000,46.67398620,1578923167655,False,True
35,112664829,142.96000000,0.25800000,36.88368000,1578923168297,False,True
36,112664830,142.96000000,0.71900000,102.78824000,1578923168387,False,True
37,112664831,142.96000000,0.11736000,16.77778560,1578923169120,True,True
38,112664832,142.96000000,0.08422000,12.04009120,1578923170563,True,True
39,112664833,142.98000000,0.17368000,24.83276640,1578923176184,False,True
40,112664834,142.98000000,10.00000000,1429.80000000,1578923176184,False,True
41,112664835,142.98000000,5.00000000,714.90000000,1578923176311,True,True
42,112664836,142.99000000,0.70320000,100.55056800,1578923178138,True,True
43,112664837,142.99000000,0.08049000,11.50926510,1578923178775,True,True
44,112664838,143.00000000,0.67500000,96.52500000,1578923181991,False,True
45,112664839,142.99000000,0.38100000,54.47919000,1578923184743,False,True
46,112664840,142.98000000,0.08096000,11.57566080,1578923184970,True,True
47,112664841,142.99000000,0.00007000,0.01000930,1578923187643,False,True
48,112664842,143.01000000,0.20158000,28.82795580,1578923187643,False,True
49,112664843,143.02000000,9.79835000,1401.36001700,1578923187643,False,True
50,112664844,143.00000000,1.82925000,261.58275000,1578923187714,True,True
51,112664845,143.00000000,3.17075000,453.41725000,1578923187714,True,True
52,112664846,143.01000000,5.00000000,715.05000000,1578923188185,True,True
53,112664847,143.03000000,0.27392000,39.17877760,1578923190837,False,True
54,112664848,143.02000000,0.08224000,11.76196480,1578923191175,True,True
55,112664849,143.03000000,0.51600000,73.80348000,1578923193124,False,True
56,112664850,143.03000000,0.44400000,63.50532000,1578923196465,False,True
57,112664851,143.02000000,0.99989000,143.00426780,1578923198417,True,True
58,112664852,143.02000000,0.00011000,0.01573220,1578923199376,True,True
59,112664853,143.00000000,0.08208000,11.73744000,1578923199376,True,True
60,112664854,143.01000000,0.11600000,16.58916000,1578923200585,True,True
61,112664855,143.02000000,0.19901000,28.46241020,1578923201209,True,True
62,112664856,143.02000000,0.18318000,26.19840360,1578923201694,True,True
63,112664857,143.02000000,0.36648000,52.41396960,1578923201831,True,True
64,112664858,143.03000000,0.17523000,25.06314690,1578923203467,False,True
65,112664859,143.03000000,1.00000000,143.03000000,1578923203467,False,True
66,112664860,143.03000000,0.11600000,16.59148000,1578923203467,False,True
67,112664861,143.03000000,0.19219000,27.48893570,1578923203467,False,True
68,112664862,143.03000000,0.35747000,51.12893410,1578923203467,False,True
69,112664863,143.03000000,0.96006000,137.31738180,1578923203467,False,True
70,112664864,143.03000000,9.03994000,1292.98261820,1578923203523,False,True
71,112664865,143.04000000,6.03529000,863.28788160,1578923203529,False,True
72,112664866,143.04000000,0.13987000,20.00700480,1578923203530,False,True
73,112664867,143.04000000,1.82483000,261.02368320,1578923203534,False,True
74,112664868,143.04000000,5.60000000,801.02400000,1578923203534,False,True
75,112664869,143.04000000,1.61511000,231.02533440,1578923203534,False,True
76,112664870,143.04000000,2.03826000,291.55271040,1578923203579,False,True
77,112664871,143.04000000,1.20434000,172.26879360,1578923203579,False,True
78,112664872,143.03000000,1.33643000,191.14958290,1578923203674,True,True
79,112664873,143.02000000,0.66889000,95.66464780,1578923203674,True,True
80,112664874,143.02000000,1.59044000,227.46472880,1578923203674,True,True
81,112664875,143.01000000,1.40424000,200.82036240,1578923203674,True,True
82,112664876,143.03000000,0.30819000,44.08041570,1578923203895,False,True
83,112664877,143.02000000,1.10208000,157.61948160,1578923203938,True,True
84,112664878,143.02000000,0.07727000,11.05115540,1578923205583,True,True
85,112664879,143.02000000,0.30826000,44.08734520,1578923209940,True,True
86,112664880,143.02000000,0.09412000,13.46104240,1578923209940,True,True
87,112664881,143.05000000,0.08020000,11.47261000,1578923211801,False,True
88,112664882,143.03000000,0.13419000,19.19319570,1578923212333,True,True
89,112664883,143.01000000,0.12740000,18.21947400,1578923212442,True,True
90,112664884,143.05000000,0.08027000,11.48262350,1578923216277,True,True
91,112664885,143.04000000,4.91973000,703.71817920,1578923216277,True,True
92,112664886,143.06000000,2.04290000,292.25727400,1578923217228,False,True
93,112664887,143.06000000,0.30826000,44.09967560,1578923217228,False,True
94,112664888,143.06000000,0.28043000,40.11831580,1578923217228,False,True
95,112664889,143.06000000,1.67252000,239.27071120,1578923217228,False,True
96,112664890,143.06000000,2.53058000,362.02477480,1578923217228,False,True
97,112664891,143.06000000,7.13758000,1021.10219480,1578923217236,False,True
98,112664892,143.06000000,0.33184000,47.47303040,1578923217237,False,True
99,112664893,143.06000000,3.16691000,453.05814460,1578923217237,False,True
100,112664894,143.06000000,2.04290000,292.25727400,1578923217237,False,True
101,112664895,143.06000000,2.04290000,292.25727400,1578923217237,False,True
102,112664896,143.06000000,2.04290000,292.25727400,1578923217237,False,True
103,112664897,143.06000000,0.70599000,100.99892940,1578923217237,False,True
104,112664898,143.06000000,1.33691000,191.25834460,1578923217241,False,True
105,112664899,143.06000000,2.04290000,292.25727400,1578923217241,False,True
106,112664900,143.06000000,2.04290000,292.25727400,1578923217241,False,True
107,112664901,143.06000000,2.04290000,292.25727400,1578923217241,False,True
108,112664902,143.06000000,2.04290000,292.25727400,1578923217241,False,True
109,112664903,143.06000000,1.06544000,152.42184640,1578923217241,False,True
110,112664904,143.05000000,4.29965000,615.06493250,1578923217331,True,True
111,112664905,143.05000000,0.58835000,84.16346750,1578923217395,True,True
112,112664906,143.05000000,0.38065000,54.45198250,1578923217395,True,True
113,112664907,143.05000000,0.25200000,36.04860000,1578923217479,True,True
114,112664908,143.06000000,0.22600000,32.33156000,1578923217590,True,True
115,112664909,143.07000000,0.07733000,11.06360310,1578923218004,False,True
116,112664910,143.06000000,0.38942000,55.71042520,1578923219015,True,True
117,112664911,143.06000000,0.38853000,55.58310180,1578923220641,False,True
118,112664912,143.06000000,5.00000000,715.30000000,1578923220686,True,True
119,112664913,143.07000000,0.08345000,11.93919150,1578923224211,False,True
120,112664914,143.06000000,1.68711000,241.35795660,1578923227626,True,True
121,112664915,143.06000000,3.40289000,486.81744340,1578923227626,True,True
122,112664916,143.07000000,4.15800000,594.88506000,1578923229385,False,True
123,112664917,143.07000000,0.25577000,36.59301390,1578923230512,False,True
124,112664918,143.07000000,2.26014000,323.35822980,1578923230512,False,True
125,112664919,143.08000000,1.90963000,273.22986040,1578923231521,True,True
126,112664920,143.08000000,3.46537000,495.82513960,1578923231521,True,True
127,112664921,143.08000000,6.53463000,934.97486040,1578923232169,True,True
128,112664922,143.07000000,1.45887000,208.72053090,1578923232169,True,True
129,112664923,143.07000000,0.38846000,55.57697220,1578923232169,True,True
130,112664924,143.06000000,6.59711000,943.78255660,1578923232169,True,True
131,112664925,143.06000000,0.50693000,72.52140580,1578923232169,True,True
132,112664926,143.09000000,0.07826000,11.19822340,1578923232418,False,True
133,112664927,143.09000000,0.14038000,20.08697420,1578923234386,True,True
134,112664928,143.10000000,0.07812000,11.17897200,1578923236948,True,True
135,112664929,143.10000000,1.92309000,275.19417900,1578923236948,True,True
136,112664930,143.10000000,2.99879000,429.12684900,1578923236948,True,True
137,112664931,143.10000000,1.00529000,143.85699900,1578923237160,True,True
138,112664932,143.10000000,1.00309000,143.54217900,1578923237403,True,True
139,112664933,143.10000000,1.00379000,143.64234900,1578923237646,True,True
140,112664934,143.10000000,1.00090000,143.22879000,1578923237893,True,True
141,112664935,143.10000000,1.00667000,144.05447700,1578923238142,True,True
142,112664936,143.10000000,1.00068000,143.19730800,1578923238400,True,True
143,112664937,143.10000000,2.24817000,321.71312700,1578923238956,True,True
144,112664938,143.11000000,1.85484000,265.44615240,1578923239447,True,True
145,112664939,143.10000000,0.14030000,20.07693000,1578923239447,True,True
146,112664940,143.11000000,0.08035000,11.49888850,1578923240623,False,True
147,112664941,143.10000000,0.15000000,21.46500000,1578923241154,True,True
148,112664942,143.11000000,0.08028000,11.48887080,1578923241389,True,True
149,112664943,143.10000000,0.22575000,32.30482500,1578923241389,True,True
150,112664944,143.09000000,4.69397000,671.66016730,1578923241389,True,True
151,112664945,143.11000000,1.42499000,203.93031890,1578923241747,True,True
152,112664946,143.10000000,0.83000000,118.77300000,1578923243967,True,True
153,112664947,143.11000000,1.83887000,263.16068570,1578923244451,True,True
154,112664948,143.12000000,6.00000000,858.72000000,1578923248640,False,True
155,112664949,143.12000000,0.38108000,54.54016960,1578923248640,False,True
156,112664950,143.12000000,0.19993000,28.61398160,1578923248779,True,True
157,112664951,143.13000000,0.07977000,11.41748010,1578923248832,False,True
158,112664952,143.12000000,0.40300000,57.67736000,1578923250136,True,True
159,112664953,143.12000000,1.14008000,163.16824960,1578923251425,True,True
160,112664954,143.11000000,0.07957000,11.38726270,1578923252058,True,True
161,112664955,143.10000000,0.25684000,36.75380400,1578923252058,True,True
162,112664956,143.10000000,0.06606000,9.45318600,1578923252058,True,True
163,112664957,143.12000000,0.46692000,66.82559040,1578923252384,False,True
164,112664958,143.13000000,1.39803000,200.10003390,1578923255537,True,True
165,112664959,143.12000000,0.07718000,11.04600160,1578923257038,False,True
166,112664960,143.13000000,0.54417000,77.88705210,1578923260984,True,True
167,112664961,143.12000000,1.62783000,232.97502960,1578923260984,True,True
168,112664962,143.12000000,3.65000000,522.38800000,1578923261163,True,True
169,112664963,143.11000000,0.08301000,11.87956110,1578923265308,True,True
170,112664964,143.11000000,0.17996000,25.75407560,1578923266819,True,True
171,112664965,143.11000000,1.03334000,147.88128740,1578923266819,True,True
172,112664966,143.10000000,0.07714000,11.03873400,1578923273523,True,True
173,112664967,143.11000000,1.44763000,207.17032930,1578923274655,False,True
174,112664968,143.11000000,0.10737000,15.36572070,1578923274655,False,True
175,112664969,143.11000000,0.00022000,0.03148420,1578923278053,False,True
176,112664970,143.12000000,0.07663000,10.96728560,1578923278430,True,True
177,112664971,143.10000000,4.92337000,704.53424700,1578923278430,True,True
178,112664972,143.10000000,0.08223000,11.76711300,1578923279720,True,True
179,112664973,143.10000000,0.08160000,11.67696000,1578923285937,True,True
180,112664974,143.12000000,0.11186000,16.00940320,1578923289641,False,True
181,112664975,143.12000000,0.00001000,0.00143120,1578923291095,False,True
182,112664976,143.12000000,0.08149000,11.66284880,1578923291095,False,True
183,112664977,143.11000000,0.11186000,16.00828460,1578923291428,True,True
184,112664978,143.11000000,0.20036000,28.67351960,1578923291428,True,True
185,112664979,143.10000000,0.07729000,11.06019900,1578923294142,True,True
186,112664980,143.10000000,0.08263000,11.82435300,1578923300360,True,True
187,112664981,143.11000000,1.23900000,177.31329000,1578923301731,False,True
188,112664982,143.11000000,0.00092000,0.13166120,1578923301825,False,True
189,112664983,143.11000000,0.97608000,139.68680880,1578923301825,False,True
190,112664984,143.11000000,0.00038000,0.05438180,1578923301929,False,True
191,112664985,143.11000000,1.68462000,241.08596820,1578923301929,False,True
192,112664986,143.11000000,0.08264000,11.82661040,1578923308556,True,True
193,112664987,143.12000000,0.69800000,99.89776000,1578923312922,True,True
194,112664988,143.11000000,0.07967000,11.40157370,1578923314970,True,True
195,112664989,143.11000000,0.77400000,110.76714000,1578923317089,True,True
196,112664990,143.11000000,0.04023000,5.75731530,1578923318175,True,True
197,112664991,143.10000000,0.09092000,13.01065200,1578923318175,True,True
198,112664992,143.10000000,8.62613000,1234.39920300,1578923318175,True,True
199,112664993,143.12000000,0.08029000,11.49110480,1578923321183,False,True
200,112664994,143.13000000,0.08204000,11.74238520,1578923327388,False,True
201,112664995,143.13000000,0.07765000,11.11404450,1578923329360,False,True
202,112664996,143.13000000,0.22138000,31.68611940,1578923332885,False,True
203,112664997,143.15000000,0.07862000,11.25445300,1578923332885,False,True
204,112664998,143.13000000,0.07899000,11.30583870,1578923333805,False,True
205,112664999,143.11000000,0.19600000,28.04956000,1578923339439,True,True
206,112665000,143.13000000,0.08124000,11.62788120,1578923340031,False,True
207,112665001,143.13000000,0.11300000,16.17369000,1578923343791,True,True
208,112665002,143.14000000,5.00000000,715.70000000,1578923343860,True,True
209,112665003,143.14000000,0.11000000,15.74540000,1578923343897,True,True
210,112665004,143.14000000,2.00000000,286.28000000,1578923343990,True,True
211,112665005,143.15000000,0.08256000,11.81846400,1578923346426,False,True
212,112665006,143.15000000,1.03916000,148.75575400,1578923346743,True,True
213,112665007,143.14000000,0.60400000,86.45656000,1578923346743,True,True
214,112665008,143.13000000,1.43577000,205.50176010,1578923346743,True,True
215,112665009,143.12000000,1.92107000,274.94353840,1578923346743,True,True
216,112665010,143.15000000,0.07692000,11.01109800,1578923352635,False,True
217,112665011,143.14000000,0.11300000,16.17482000,1578923354513,False,True
218,112665012,143.13000000,0.28647000,41.00245110,1578923359391,False,True
219,112665013,143.13000000,0.24800000,35.49624000,1578923359680,False,True
220,112665014,143.14000000,0.07732000,11.06758480,1578923361051,False,True
221,112665015,143.11000000,0.08963000,12.82694930,1578923362528,True,True
222,112665016,143.11000000,0.08039000,11.50461290,1578923362528,True,True
223,112665017,143.10000000,0.26998000,38.63413800,1578923362528,True,True
224,112665018,143.13000000,0.38100000,54.53253000,1578923364696,False,True
225,112665019,143.13000000,0.00008000,0.01145040,1578923364806,False,True
226,112665020,143.13000000,0.39192000,56.09550960,1578923364806,False,True
227,112665021,143.14000000,0.08241000,11.79616740,1578923369258,False,True
228,112665022,143.13000000,0.71451000,102.26781630,1578923371511,False,True
229,112665023,143.13000000,0.13937000,19.94802810,1578923373202,False,True
230,112665024,143.14000000,0.08366000,11.97509240,1578923375471,False,True
231,112665025,143.11000000,2.10190000,300.80290900,1578923380547,True,True
232,112665026,143.11000000,1.96244000,280.84478840,1578923380547,True,True
233,112665027,143.11000000,0.07768000,11.11678480,1578923381679,False,True
234,112665028,143.11000000,0.20087000,28.74650570,1578923386694,False,True
235,112665029,143.12000000,2.04183000,292.22670960,1578923386694,False,True
236,112665030,143.12000000,1.20042000,171.80411040,1578923386694,False,True
237,112665031,143.12000000,1.39478000,199.62091360,1578923386694,False,True
238,112665032,143.12000000,0.08044000,11.51257280,1578923387930,False,True
239,112665033,143.10000000,0.97636000,139.71711600,1578923389864,True,True
240,112665034,143.11000000,0.35000000,50.08850000,1578923391889,False,True
241,112665035,143.10000000,0.00009000,0.01287900,1578923392701,True,True
242,112665036,143.09000000,1.99991000,286.16712190,1578923392701,True,True
243,112665037,143.09000000,2.00000000,286.18000000,1578923392760,True,True
244,112665038,143.07000000,1.15901000,165.81956070,1578923393676,False,True
245,112665039,143.07000000,3.84099000,549.53043930,1578923394072,False,True
246,112665040,143.07000000,0.08240000,11.78896800,1578923394095,False,True
247,112665041,143.07000000,3.84099000,549.53043930,1578923394101,False,True
248,112665042,143.06000000,0.13900000,19.88534000,1578923401387,True,True
249,112665043,143.06000000,0.00015000,0.02145900,1578923401403,True,True
250,112665044,143.05000000,0.07923000,11.33385150,1578923402288,False,True
251,112665045,143.05000000,0.08421000,12.04624050,1578923407294,False,True
252,112665046,143.05000000,1.04856000,149.99650800,1578923407294,False,True
253,112665047,143.06000000,0.97647000,139.69379820,1578923408627,False,True
254,112665048,143.07000000,10.00000000,1430.70000000,1578923409852,False,True
255,112665049,143.07000000,0.09418000,13.47433260,1578923409852,False,True
256,112665050,143.09000000,0.07803000,11.16531270,1578923410505,False,True
257,112665051,143.09000000,1.04980000,150.21588200,1578923412875,False,True
258,112665052,143.09000000,0.80588000,115.31336920,1578923412875,False,True
259,112665053,143.08000000,0.96703000,138.36265240,1578923416281,True,True
260,112665054,143.06000000,6.98983000,999.96507980,1578923417157,True,True
261,112665055,143.06000000,0.72343000,103.49389580,1578923417157,True,True
262,112665056,143.06000000,10.00000000,1430.60000000,1578923417157,True,True
263,112665057,143.05000000,14.00000000,2002.70000000,1578923417157,True,True
264,112665058,143.05000000,10.00000000,1430.50000000,1578923417157,True,True
265,112665059,143.05000000,1.05663000,151.15092150,1578923417157,True,True
266,112665060,143.03000000,4.00008000,572.13144240,1578923417157,True,True
267,112665061,143.03000000,6.98934000,999.68530020,1578923417157,True,True
268,112665062,143.02000000,10.00000000,1430.20000000,1578923417157,True,True
269,112665063,143.02000000,2.04124000,291.93814480,1578923417157,True,True
270,112665064,143.02000000,2.04124000,291.93814480,1578923417157,True,True
271,112665065,143.02000000,2.04124000,291.93814480,1578923417157,True,True
272,112665066,143.02000000,2.04124000,291.93814480,1578923417157,True,True
273,112665067,143.02000000,2.04124000,291.93814480,1578923417157,True,True
274,112665068,143.02000000,2.04124000,291.93814480,1578923417157,True,True
275,112665069,143.02000000,2.04124000,291.93814480,1578923417157,True,True
276,112665070,143.02000000,2.04124000,291.93814480,1578923417157,True,True
277,112665071,143.02000000,2.04124000,291.93814480,1578923417157,True,True
278,112665072,143.02000000,2.04124000,291.93814480,1578923417157,True,True
279,112665073,143.01000000,17.47508000,2499.11119080,1578923417157,True,True
280,112665074,143.01000000,5.94685000,850.45901850,1578923417157,True,True
281,112665075,143.01000000,12.58037000,1799.11871370,1578923417157,True,True
282,112665076,143.01000000,12.58037000,1799.11871370,1578923417157,True,True
283,112665077,143.01000000,6.98885000,999.47543850,1578923417157,True,True
284,112665078,143.00000000,10.76420000,1539.28060000,1578923417157,True,True
285,112665079,143.00000000,5.65106000,808.10158000,1578923417157,True,True
286,112665080,143.00000000,1.89902000,271.55986000,1578923417157,True,True
287,112665081,143.00000000,1.10000000,157.30000000,1578923417157,True,True
288,112665082,143.00000000,4.61591000,660.07513000,1578923417157,True,True
289,112665083,143.07000000,7.49000000,1071.59430000,1578923417314,False,True
290,112665084,143.07000000,1.72607000,246.94883490,1578923417314,False,True
291,112665085,143.06000000,1.21700000,174.10402000,1578923417442,False,True
292,112665086,143.07000000,0.08212000,11.74890840,1578923418710,False,True
293,112665087,143.08000000,0.00967000,1.38358360,1578923419197,False,True
294,112665088,143.10000000,7.99999000,1144.79856900,1578923419197,False,True
295,112665089,143.10000000,3.03393000,434.15538300,1578923419197,False,True
296,112665090,143.11000000,6.07969000,870.06443590,1578923419197,False,True
297,112665091,143.06000000,0.07779000,11.12863740,1578923426917,True,True
298,112665092,143.04000000,0.08342000,11.93239680,1578923435136,True,True
299,112665093,143.06000000,0.93400000,133.61804000,1578923437505,False,True
300,112665094,143.06000000,0.00082000,0.11730920,1578923437687,False,True
301,112665095,143.06000000,0.07885000,11.28028100,1578923441340,True,True
302,112665096,143.07000000,0.32200000,46.06854000,1578923441423,False,True
303,112665097,143.07000000,0.72858000,104.23794060,1578923442537,False,True
304,112665098,143.06000000,0.08038000,11.49916280,1578923449550,True,True
305,112665099,143.08000000,0.38108000,54.52492640,1578923449937,False,True
306,112665100,143.05000000,0.08391000,12.00332550,1578923455808,True,True
307,112665101,143.11000000,0.10600000,15.16966000,1578923455984,False,True
308,112665102,143.10000000,0.80000000,114.48000000,1578923458197,False,True
309,112665103,143.08000000,0.08854000,12.66830320,1578923463453,True,True
310,112665104,143.08000000,0.07981000,11.41921480,1578923463965,True,True
311,112665105,143.07000000,1.32947000,190.20727290,1578923465820,True,True
312,112665106,143.10000000,0.11200000,16.02720000,1578923465889,False,True
313,112665107,143.08000000,0.96700000,138.35836000,1578923465978,False,True
314,112665108,143.07000000,0.07917000,11.32685190,1578923470226,True,True
315,112665109,143.06000000,0.17368000,24.84666080,1578923475695,True,True
316,112665110,143.07000000,0.43200000,61.80624000,1578923475771,False,True
317,112665111,143.06000000,13.00000000,1859.78000000,1578923475889,True,True
318,112665112,143.04000000,0.08176000,11.69495040,1578923476391,True,True
319,112665113,143.06000000,1.35400000,193.70324000,1578923476496,False,True
320,112665114,143.02000000,1.37760000,197.02435200,1578923480562,False,True
321,112665115,143.02000000,8.30249000,1187.42211980,1578923480562,False,True
322,112665116,143.02000000,0.35026000,50.09418520,1578923480571,False,True
323,112665117,143.03000000,7.88300000,1127.50549000,1578923480703,False,True
324,112665118,143.00000000,0.36432000,52.09776000,1578923481991,True,True
325,112665119,143.00000000,0.07936000,11.34848000,1578923482592,True,True
326,112665120,143.01000000,1.40314000,200.66305140,1578923482789,False,True
327,112665121,143.01000000,7.26920000,1039.56829200,1578923482789,False,True
328,112665122,143.01000000,0.38107000,54.49682070,1578923484776,False,True
329,112665123,143.01000000,1.52928000,218.70233280,1578923485874,False,True
330,112665124,143.02000000,0.44443000,63.56237860,1578923487010,False,True
331,112665125,143.00000000,2.76928000,396.00704000,1578923487317,True,True
332,112665126,143.03000000,1.66797000,238.56974910,1578923487412,False,True
333,112665127,143.02000000,0.71400000,102.11628000,1578923487673,True,True
334,112665128,143.00000000,0.07954000,11.37422000,1578923488855,True,True
335,112665129,143.01000000,1.64608000,235.40590080,1578923489259,False,True
336,112665130,143.01000000,6.99276000,1000.03460760,1578923489259,False,True
337,112665131,143.03000000,1.67609000,239.73115270,1578923491485,False,True
338,112665132,143.04000000,1.41384000,202.23567360,1578923492663,False,True
339,112665133,143.03000000,0.46112000,65.95399360,1578923493719,False,True
340,112665134,143.04000000,10.00000000,1430.40000000,1578923493719,False,True
341,112665135,143.04000000,2.33703000,334.28877120,1578923493719,False,True
342,112665136,143.04000000,1.57848000,225.78577920,1578923493719,False,True
343,112665137,143.03000000,6.99100000,999.92273000,1578923493988,True,True
344,112665138,143.04000000,0.50576000,72.34391040,1578923494799,False,True
345,112665139,143.04000000,10.00000000,1430.40000000,1578923494799,False,True
346,112665140,143.04000000,0.07971000,11.40171840,1578923495009,False,True
347,112665141,143.04000000,9.34401000,1336.56719040,1578923495924,False,True
348,112665142,143.04000000,0.12283000,17.56960320,1578923496222,True,True
349,112665143,143.04000000,0.33800000,48.34752000,1578923496286,True,True
350,112665144,143.03000000,0.50576000,72.33885280,1578923497875,True,True
351,112665145,143.03000000,1.66324000,237.89321720,1578923497875,True,True
352,112665146,143.04000000,0.08293000,11.86230720,1578923501218,False,True
353,112665147,143.02000000,0.62647000,89.59773940,1578923501755,True,True
354,112665148,143.01000000,10.00000000,1430.10000000,1578923507413,True,True
355,112665149,143.01000000,1.22986000,175.88227860,1578923507413,True,True
356,112665150,143.03000000,0.07717000,11.03762510,1578923507433,False,True
357,112665151,143.03000000,0.09376000,13.41049280,1578923515343,False,True
358,112665152,143.04000000,1.00000000,143.04000000,1578923515365,False,True
359,112665153,143.06000000,0.07987000,11.42620220,1578923515628,False,True
360,112665154,143.04000000,0.10000000,14.30400000,1578923517749,True,True
361,112665155,143.04000000,0.25000000,35.76000000,1578923517803,True,True
362,112665156,143.05000000,0.30000000,42.91500000,1578923520888,False,True
363,112665157,143.04000000,0.07934000,11.34879360,1578923523855,True,True
364,112665158,143.03000000,0.42600000,60.93078000,1578923531284,True,True
365,112665159,143.05000000,0.90000000,128.74500000,1578923532007,False,True
366,112665160,143.05000000,0.50314000,71.97417700,1578923532007,False,True
367,112665161,143.03000000,0.08192000,11.71701760,1578923532052,True,True
368,112665162,143.05000000,0.29059000,41.56889950,1578923532760,False,True
369,112665163,143.05000000,0.38541000,55.13290050,1578923532760,False,True
370,112665164,143.05000000,0.10092000,14.43660600,1578923532760,False,True
371,112665165,143.04000000,6.46800000,925.18272000,1578923533628,True,True
372,112665166,143.05000000,0.09658000,13.81576900,1578923533646,False,True
373,112665167,143.05000000,0.19399000,27.75026950,1578923536129,False,True
374,112665168,143.04000000,0.07765000,11.10705600,1578923538267,True,True
375,112665169,143.06000000,0.96735000,138.38909100,1578923543245,True,True
376,112665170,143.05000000,1.21762000,174.18054100,1578923543245,True,True
377,112665171,143.04000000,2.81503000,402.66189120,1578923543245,True,True
378,112665172,143.04000000,0.20638000,29.52059520,1578923543250,True,True
379,112665173,143.02000000,0.07739000,11.06831780,1578923544475,True,True
380,112665174,143.02000000,0.07770000,11.11265400,1578923552714,True,True
381,112665175,143.02000000,0.07917000,11.32289340,1578923555036,True,True
382,112665176,143.02000000,12.58169000,1799.43330380,1578923559515,True,True
383,112665177,143.02000000,12.58169000,1799.43330380,1578923559515,True,True
384,112665178,143.02000000,0.71982000,102.94865640,1578923559515,True,True
385,112665179,143.02000000,0.59334000,84.85948680,1578923560187,True,True
386,112665180,143.02000000,0.08009000,11.45447180,1578923560896,True,True
387,112665181,143.02000000,0.79959000,114.35736180,1578923561026,True,True
388,112665182,143.01000000,0.39982000,57.17825820,1578923561127,True,True
389,112665183,143.05000000,0.28589000,40.89656450,1578923562407,False,True
390,112665184,143.06000000,6.15711000,880.83615660,1578923562407,False,True
391,112665185,143.03000000,0.39977000,57.17910310,1578923562581,True,True
392,112665186,143.02000000,0.17965000,25.69354300,1578923565203,True,True
393,112665187,143.02000000,0.39971000,57.16652420,1578923565619,True,True
394,112665188,143.02000000,0.08303000,11.87495060,1578923567099,True,True
395,112665189,143.03000000,0.17452000,24.96159560,1578923568862,True,True
396,112665190,143.02000000,0.59454000,85.03111080,1578923572777,True,True
397,112665191,143.02000000,0.36046000,51.55298920,1578923572777,True,True
398,112665192,143.02000000,8.89684000,1272.42605680,1578923573066,True,True
399,112665193,143.01000000,0.08218000,11.75256180,1578923573300,True,True
400,112665194,143.01000000,0.26590000,38.02635900,1578923574220,True,True
401,112665195,143.01000000,0.27000000,38.61270000,1578923575486,True,True
402,112665196,143.01000000,0.09100000,13.01391000,1578923575600,True,True
403,112665197,143.01000000,6.02933000,862.25448330,1578923576017,True,True
404,112665198,143.01000000,0.79967000,114.36080670,1578923576017,True,True
405,112665199,143.01000000,0.29107000,41.62592070,1578923576253,False,True
406,112665200,143.00000000,25.92490000,3707.26070000,1578923576743,True,True
407,112665201,143.00000000,0.78260000,111.91180000,1578923576768,True,True
408,112665202,143.00000000,0.31352000,44.83336000,1578923576768,True,True
409,112665203,143.00000000,0.08735000,12.49105000,1578923576768,True,True
410,112665204,142.99000000,9.35453000,1337.60424470,1578923576768,True,True
411,112665205,142.99000000,0.62500000,89.36875000,1578923576853,True,True
412,112665206,142.99000000,0.28106000,40.18876940,1578923576886,True,True
413,112665207,142.95000000,2.55260000,364.89417000,1578923576886,True,True
414,112665208,142.95000000,4.03560000,576.88902000,1578923576886,True,True
415,112665209,142.98000000,0.96737000,138.31456260,1578923577050,False,True
416,112665210,142.98000000,0.44931000,64.24234380,1578923577050,False,True
417,112665211,142.98000000,8.37953000,1198.10519940,1578923577050,False,True
418,112665212,142.98000000,1.66393000,237.90871140,1578923577050,False,True
419,112665213,142.98000000,0.07755000,11.08809900,1578923579566,True,True
420,112665214,142.98000000,1.38680000,198.28466400,1578923583420,True,True
421,112665215,142.97000000,1.60802000,229.89861940,1578923583420,True,True
422,112665216,142.98000000,0.07755000,11.08809900,1578923583911,False,True
423,112665217,142.98000000,1.30925000,187.19656500,1578923583911,False,True
424,112665218,142.98000000,0.07755000,11.08809900,1578923584533,False,True
425,112665219,142.97000000,0.08117000,11.60487490,1578923585733,True,True
426,112665220,142.97000000,0.21880000,31.28183600,1578923587949,True,True
427,112665221,143.00000000,0.08117000,11.60731000,1578923589189,False,True
428,112665222,143.00000000,2.84926000,407.44418000,1578923589189,False,True
429,112665223,143.00000000,0.13732000,19.63676000,1578923589189,False,True
430,112665224,143.00000000,0.00031000,0.04433000,1578923589579,False,True
431,112665225,143.00000000,0.08086000,11.56298000,1578923589579,False,True
432,112665226,143.00000000,0.05842000,8.35406000,1578923589579,False,True
433,112665227,143.01000000,0.10000000,14.30100000,1578923591137,False,True
434,112665228,143.00000000,0.07790000,11.13970000,1578923593940,True,True
435,112665229,143.00000000,0.11700000,16.73100000,1578923595012,True,True
436,112665230,143.00000000,0.31011000,44.34573000,1578923597087,True,True
437,112665231,142.99000000,0.23039000,32.94346610,1578923597289,True,True
438,112665232,143.00000000,0.07704000,11.01672000,1578923602152,True,True
439,112665233,143.00000000,2.00000000,286.00000000,1578923602199,True,True
440,112665234,143.00000000,10.46598000,1496.63514000,1578923602250,True,True
441,112665235,143.00000000,0.53402000,76.36486000,1578923602250,True,True
442,112665236,143.01000000,1.32655000,189.70991550,1578923604448,False,True
443,112665237,142.98000000,0.07878000,11.26396440,1578923610349,True,True
444,112665238,142.97000000,1.41483000,202.27824510,1578923611294,True,True
445,112665239,142.96000000,12.58697000,1799.43323120,1578923611294,True,True
446,112665240,142.96000000,0.96733000,138.28949680,1578923611294,True,True
447,112665241,142.96000000,3.76951000,538.88914960,1578923611294,True,True
448,112665242,142.96000000,0.19143000,27.36683280,1578923611601,False,True
449,112665243,142.96000000,0.32800000,46.89088000,1578923611699,False,True
450,112665244,142.96000000,9.48057000,1355.34228720,1578923611805,False,True
451,112665245,142.97000000,0.96764000,138.34349080,1578923611920,False,True
452,112665246,142.97000000,8.43402000,1205.81183940,1578923611920,False,True
453,112665247,142.98000000,10.00000000,1429.80000000,1578923612018,False,True
454,112665248,142.98000000,0.65594000,93.78630120,1578923612018,False,True
455,112665249,142.96000000,0.96784000,138.36240640,1578923612184,True,True
456,112665250,142.96000000,0.14178000,20.26886880,1578923612184,True,True
457,112665251,142.95000000,6.74298000,963.90899100,1578923612184,True,True
458,112665252,142.95000000,3.27956000,468.81310200,1578923612184,True,True
459,112665253,142.95000000,6.99423000,999.82517850,1578923612184,True,True
460,112665254,142.94000000,29.10000000,4159.55400000,1578923612184,True,True
461,112665255,142.94000000,6.49880000,928.93847200,1578923612184,True,True
462,112665256,142.98000000,10.00000000,1429.80000000,1578923612320,False,True
463,112665257,142.98000000,0.14178000,20.27170440,1578923612320,False,True
464,112665258,142.98000000,4.78022000,683.47585560,1578923612320,False,True
465,112665259,142.95000000,0.24166000,34.54529700,1578923612843,False,True
466,112665260,142.95000000,0.96734000,138.28125300,1578923612843,False,True
467,112665261,142.94000000,3.92900000,561.61126000,1578923615564,False,True
468,112665262,142.93000000,0.07821000,11.17855530,1578923616561,True,True
469,112665263,142.93000000,0.39900000,57.02907000,1578923617134,False,True
470,112665264,142.92000000,1.12494000,160.77642480,1578923619556,False,True
471,112665265,142.90000000,0.97782000,139.73047800,1578923622770,True,True
472,112665266,142.90000000,0.02218000,3.16952200,1578923622770,True,True
473,112665267,142.90000000,0.08340000,11.91786000,1578923622773,True,True
474,112665268,142.91000000,0.11672000,16.68045520,1578923622822,False,True
475,112665269,142.91000000,0.15651000,22.36684410,1578923622919,False,True
476,112665270,142.90000000,6.88151000,983.36777900,1578923622968,True,True
477,112665271,142.90000000,0.11729000,16.76074100,1578923622999,True,True
478,112665272,142.90000000,0.37500000,53.58750000,1578923623025,True,True
479,112665273,142.90000000,2.52062000,360.19659800,1578923623049,True,True
480,112665274,142.89000000,1.17342000,167.66998380,1578923623077,True,True
481,112665275,142.90000000,17.49475000,2499.99977500,1578923623113,False,True
482,112665276,142.92000000,1.00000000,142.92000000,1578923627805,False,True
483,112665277,142.92000000,0.07973000,11.39501160,1578923627899,True,True
484,112665278,142.94000000,5.00000000,714.70000000,1578923628130,True,True
485,112665279,142.96000000,3.97400000,568.12304000,1578923628807,False,True
486,112665280,142.94000000,0.08471000,12.10844740,1578923629032,True,True
487,112665281,142.95000000,0.11300000,16.15335000,1578923630547,False,True
488,112665282,142.96000000,0.11300000,16.15448000,1578923633942,False,True
489,112665283,142.94000000,0.07724000,11.04068560,1578923637211,True,True
490,112665284,142.94000000,1.04299000,149.08499060,1578923637449,True,True
491,112665285,142.96000000,0.09792000,13.99864320,1578923638403,False,True
492,112665286,142.96000000,0.18672000,26.69349120,1578923641869,False,True
493,112665287,142.96000000,0.09298000,13.29242080,1578923641869,False,True
494,112665288,142.95000000,0.09700000,13.86615000,1578923643216,True,True
495,112665289,142.95000000,0.91509000,130.81211550,1578923644530,True,True
496,112665290,142.95000000,12.84310000,1835.92114500,1578923644530,True,True
497,112665291,142.91000000,0.41275000,58.98610250,1578923644701,True,True
498,112665292,142.94000000,0.40100000,57.31894000,1578923644773,False,True
499,112665293,142.92000000,0.07717000,11.02913640,1578923645409,True,True
